{"cameraMode":{"drawMode":0,"name":"Shaded","section":"Shading Mode"},"sceneLighting":true,"audioPlay":false,"sceneViewState":{"showFog":true,"showMaterialUpdate":false,"showSkybox":true,"showFlares":true,"showImageEffects":true,"showParticleSystems":true},"in2DMode":false,"pivot":{"x":457.96466064453127,"y":207.36148071289063,"z":132.25390625},"rotation":{"x":-0.14081856608390809,"y":0.018412115052342416,"z":-0.002605830319225788,"w":-0.9898871183395386},"size":847.855712890625,"orthographic":false}